,,,,,,,,,,,,,,,10,11,12,13,14,15,16,매수개수,,,,,,,
종목명,현재가,ROE(Y),ROE(Q),BPS(Q),EPS(Q)(2),PSR(Q),배당수익률,종목코드,PER,PBR,기대 ROE,미래가치,기대복리수익률,기대이득%,2.59374246,2.839420986,3.105848208,3.39456739,3.707221314,4.045557736,4.411435079,,,,,,,,
케이씨,"18,150",67,11.9,"31,396","3,429",0.48,1.2,'029460,5.293088364,0.578099121,47.3052711,873090.9899,48.10418677,1754.62464,336614.3722,307489.0952,281111.9319,257202.4325,235510.8897,215814.7398,197915.4117,32,16.3,16,27.7,67.4,11.9,27.86,22.87166369
에이리츠,"6,210",15,34.7,"8,815","2,754",0.38,0,'140910,2.254901961,0.704480998,29.300921,81116.23477,13.06219562,403.6041865,31273.81998,28567.87886,26117.25665,23895.89761,21880.60218,20050.69265,18387.7204,113,,,,,,,
옴니시스템,"1,990",4,44.2,"2,603",984,0.84,0,'057540,2.022357724,0.764502497,27.47760358,22552.35936,11.3328439,336.9301915,8694.910811,7942.590925,7261.256135,6643.662289,6083.359326,5574.59832,5112.250085,384,,,,,,,
엠씨넥스,"36,400",26,56.3,"12,049","5,402",0.5,0.8,'097520,6.738245094,3.020997593,26.37636066,378233.3586,10.39102634,300.6190474,145825.3333,133207.9183,121781.0187,111423.1403,102026.107,93493.5016,85739.30068,83,,,,,,,
AJ네트웍스,"5,030",0,39.7,"8,185","2,839",0.2,2,'095570,1.771750616,0.61453879,25.82968466,50049.42213,9.950183325,283.622641,19296.21884,17626.62964,16114.57443,14743.97659,13500.52179,12371.4517,11345.38336,122,,,,,,,
JB금융지주,"5,340",9,11.9,"17,565","1,991",0.43,3.4,'175330,2.682069312,0.304013664,24.41605023,47457.55461,8.887182512,242.6393579,18296.94171,16713.81414,15280.06246,13980.44262,12801.38157,11730.78169,10757.84949,57,,,,,,,
신세계건설,"26,300",24,9.2,"48,394","4,465",0.11,2.8,'034300,5.890257559,0.5434558,23.93162025,224790.0192,8.547149018,229.5295948,86666.28343,79167.55574,72376.37003,66220.52043,60635.71612,55564.65483,50956.21157,21,,,,,,,
코세스,"8,990",52,38.3,"1,825",555,2.23,0,'089890,16.1981982,4.926027397,23.75631177,75758.83202,8.427011348,224.8977675,29208.3093,26681.08477,24392.31634,22317.66918,20435.47595,18726.42463,17173.28503,548,,,,,,,
에이피티씨,"7,730",45,30.7,"2,486",736,2.85,2.6,'089970,10.50271739,3.109412711,23.06624043,61598.31448,7.968734086,207.2291952,23748.81679,21693.97028,19833.00868,18146.14571,16615.76401,15226.16126,13963.32789,402,,,,,,,
피에스케이홀딩스,"8,170",21,7.6,"16,949","1,320",2.33,4.8,'031980,6.189393939,0.482034338,22.95280265,64506.9315,7.895585251,204.408991,24870.21456,22718.34005,20769.50552,19002.99039,17400.34544,15945.12691,14622.66368,59,,,,,,,
BNK금융지주,"7,430",7,8.9,"25,321","2,165",0.51,4.1,'138930,3.43187067,0.293432329,22.03147218,54413.58248,7.323496969,182.3525112,20978.79158,19163.61919,17519.71727,16029.60738,14677.72703,13450.2054,12334.66695,39,,,,,,,
토탈소프트,"3,140",37,28,"1,282",324,2.29,0,'045340,9.691358025,2.449297972,21.14673554,21381.9253,6.80953035,162.536873,8243.657814,7530.382216,6884.407693,6298.866053,5767.641985,5285.284921,4846.931875,780,,,,,,,
유진투자증권,"2,320",6,6.3,"8,126",502,0.23,2.6,'001200,4.621513944,0.285503323,20.32583435,14759.67528,6.361929002,145.2799034,5690.49376,5198.128547,4752.220422,4348.028361,3981.331038,3648.365997,3345.776379,123,,,,,,,
SK디스커버리,"26,750",6,10,"75,242","7,345",0.11,2.3,'006120,3.641933288,0.355519524,19.76706584,162441.8346,6.072591949,134.1247076,62628.35927,57209.49287,52301.92326,47853.47173,43817.6793,40153.13716,36822.90043,13,,,,,,,
한미글로벌,"9,340",7,26.5,"11,919","2,636",0.32,2.1,'053690,3.543247344,0.783622787,19.63167503,56080.09132,6.004292433,131.4914655,21621.30288,19750.53773,18056.28851,16520.54146,15127.25747,13862.14089,12712.43718,84,,,,,,,
진양폴리,"3,755",5,42.3,"2,620",956,1.1,0,'010640,3.927824268,1.433206107,19.27879847,21889.83552,5.829516783,124.7531076,8439.479191,7709.260313,7047.941191,6448.490487,5904.647623,5410.83256,4962.066794,382,,,,,,,
화천기공,"39,350",5,5.3,"136,467","7,080",0.41,3.2,'000850,5.557909605,0.288348099,19.07417132,225486.432,5.730277815,120.9270158,86934.78073,79412.82154,72600.59633,66425.67554,60823.56917,55736.79744,51114.07694,7,,,,,,,
리드코프,"6,830",10,12,"13,659","1,565",0.36,2.2,'012700,4.364217252,0.500036606,18.9659834,38783.65125,5.678426244,118.9279133,14952.77648,13659,12487.29772,11425.21176,10461.64983,9586.725436,8791.61782,73,,,,,,,
코메론,"8,470",10,12.2,"15,684","1,805",1.14,1.7,'049430,4.692520776,0.540040806,18.16025003,44936.31167,5.305349666,104.5441962,17324.89341,15825.8715,14468.28971,13237.71382,12121.29189,11107.56899,10186.32505,64,,,,,,,
노바텍,"17,250",29,24.4,"8,576","1,595",3.32,0,'285490,10.81504702,2.011427239,18.14794773,91422.04279,5.299828567,104.3313339,35247.1551,32197.42449,29435.45101,26931.86857,24660.5301,22598.13078,20723.87809,117,,,,,,,
KB오토시스,"6,190",14,13.2,"8,854","1,127",0.48,4.5,'024120,5.492457853,0.699119042,17.73977953,31690.04321,5.119554639,97.38099357,12217.8835,11160.74135,10203.34578,9335.517482,8548.19298,7833.294018,7183.613189,113,,,,,,,
이베스트투자증권,"5,280",9,11.7,"9,889","1,081",0.24,9.3,'078020,4.884366327,0.533926585,17.49629789,26477.42533,5.014663887,93.33700105,10208.19366,9324.938238,8525.022329,7799.940989,7142.121574,6544.814598,6001.998183,101,,,,,,,
원익홀딩스,"5,480",11,9.4,"10,320",922,0.97,0,'030530,5.943600868,0.531007752,17.40092221,27258.10389,4.974106549,91.7733401,10509.17904,9599.881111,8776.379933,8029.919798,7352.704784,6737.7864,6178.965213,97,,,,,,,
KB금융,"47,000",9,10,"94,212","8,856",0.39,4.1,'105560,5.307136405,0.498874878,17.38563557,233478.7799,4.967633615,91.52378047,90016.17682,82227.60241,75173.91845,68780.1281,62979.45554,57712.3836,52925.81116,11,,,,,,,
삼양옵틱스,"12,400",35,32.2,"3,393","1,119",2.12,8.9,'225190,11.08132261,3.654582965,17.36069578,61467.9092,4.957089451,91.11725731,23698.53991,21648.04356,19791.02167,18107.72983,16580.58799,15193.92707,13933.76715,295,,,,,,,
삼양통상,"59,300",9,12.3,"106,800","12,480",0.95,1.3,'002170,4.751602564,0.555243446,17.35539896,293822.7609,4.95485263,91.03101815,113281.3938,103479.8159,94603.06533,86556.76179,79256.87086,72628.49282,66604.80223,9,,,,,,,
영풍제지,"3,245",14,8,"5,504",410,0.73,1.2,'006740,7.914634146,0.589571221,17.02249442,15628.17311,4.816077999,85.6806554,6025.337268,5504,5031.853477,4603.8777,4215.60295,3863.045377,3542.650595,182,,,,,,,
신한지주,"42,750",9,10.3,"80,428","7,978",0.7,3.8,'055550,5.358485836,0.531531308,16.80347162,202066.1791,4.726694248,82.23452484,77905.25937,71164.57196,65059.90169,59526.34191,54506.10092,49947.6691,45805.08961,12,,,,,,,
대성홀딩스,"8,150",5,2.9,"26,010",750,0.16,3,'016710,10.86666667,0.313341023,16.74082766,38316.4521,4.701405165,81.25952124,14772.65098,13494.45971,12336.8721,11287.58033,10335.62576,9471.240951,8685.711433,38,,,,,,,
GS,"50,500",11,8,"94,712","7,375",0.27,3.8,'078930,6.847457627,0.533195371,16.60723088,234717.8937,4.647879084,79.19585908,90493.90884,82663.99906,75572.87993,69145.15659,63313.69882,58018.67358,53206.69794,11,,,,,,,
코리안리,"8,900",5,9.7,"20,247","1,875",0.1,3.1,'003690,4.746666667,0.439571295,16.54646796,41151.07365,4.62371614,78.264273,15865.5203,14492.76942,13249.54437,12122.62681,11100.24737,10171.91605,9328.27366,49,,,,,,,
토비스,"9,610",12,15.4,"12,264","1,707",0.38,2.1,'051360,5.629759813,0.78359426,16.50681773,44282.97489,4.608009874,77.65872847,17073.00381,15595.77643,14257.93275,13045.24842,11945.05834,10946.07414,10038.22432,82,,,,,,,
슈프리마에이치큐,"5,790",6,5.8,"14,786",760,2.2,0,'094840,7.618421053,0.391586636,16.3089604,26230.72552,4.53034983,74.66459758,10113.0802,9238.054394,8445.591593,7727.2661,7075.575828,6483.834178,5946.075381,68,,,,,,,
DB손해보험,"49,750",11,7.4,"90,872","6,035",0.19,4,'005830,8.243579122,0.547473369,15.98086368,219107.1098,4.404163011,69.79954946,84475.27585,77166.12327,70546.62531,64546.40154,59102.78649,54159.92655,49667.98919,11,,,,,,,
S&K폴리텍,"8,860",12,22.7,"7,739","1,570",0.3,0,'091340,5.643312102,1.144850756,15.77324504,38327.96718,4.325955664,66.78431766,14777.09055,13498.51514,12340.57965,11290.97254,10338.73188,9474.087304,8688.321714,129,,,,,,,
대우건설,"4,425",13,10.4,"6,299",600,0.22,0,'047040,7.375,0.702492459,15.71482595,19045.98068,4.304176425,65.94463373,7343.050043,6707.698779,6132.296044,5610.723988,5137.535385,4707.875138,4317.411532,159,,,,,,,
제일테크노스,"4,080",7,7.3,"8,757",611,0.22,2.4,'038010,6.677577741,0.465912984,15.65427594,17469.36438,4.281706955,65.0783384,6735.196207,6152.438988,5624.66779,5146.271195,4712.252897,4318.1597,3960.018467,114,,,,,,,
동양이엔피,"16,200",3,15.9,"28,089","4,139",0.25,1.9,'079960,3.913988886,0.576738225,15.64261195,69293.72962,4.277390717,64.91192873,26715.73245,24404.17605,22310.7264,20413.12534,18691.5546,17128.35019,15707.75233,36,,,,,,,
KTis,"2,270",5,8.6,"4,948",406,0.17,3.5,'058860,5.591133005,0.458771221,15.45470503,9553.053675,4.208393689,62.25179462,3683.115738,3364.437229,3075.827611,2814.218302,2576.877091,2361.368765,2165.520631,202,,,,,,,
태경산업,"5,750",6,14.5,"9,100","1,187",0.32,3.8,'015890,4.844144903,0.631868132,15.42927101,24145.00912,4.19913202,61.89471719,9308.946238,8503.497451,7774.046733,7112.838351,6512.96674,5968.276983,5473.277672,110,,,,,,,
유니셈,"5,300",23,14.3,"3,998",531,1,1.1,'036200,9.981167608,1.325662831,15.3518156,22106.51154,4.171039913,60.81164486,8523.017178,7785.570245,7117.705071,6512.320718,5963.094638,5464.391559,5011.183696,250,,,,,,,
한국공항,"44,100",6,5.4,"104,431","5,517",0.27,2.3,'005430,7.993474715,0.422288401,15.21633917,181793.9013,4.122310688,58.93292226,70089.41872,64024.99038,58532.7708,53554.36509,49037.77949,44936.67207,41209.69664,10,,,,,,,
까뮤이앤씨,"1,315",3,23.1,"1,565",331,0.2,1.6,'013700,3.972809668,0.840255591,15.03484869,5336.051454,4.057833805,56.44705932,2057.27883,1879.2745,1718.065757,1571.938583,1439.366847,1318.99031,1209.595372,639,,,,,,,
메카로,"15,400",23,8.5,"14,458","1,183",2.03,3.7,'241770,13.01775148,1.06515424,15.0216914,62419.20275,4.053194984,56.26821267,24065.30475,21983.07438,20097.31273,18387.96983,16837.19354,15429.07229,14149.4098,69,,,,,,,
S&T중공업,"6,560",3,2.2,"20,134",394,0.58,3,'003570,16.64974619,0.325817026,14.77570875,26025.77507,3.967343761,52.95827638,10034.06293,9165.874028,8379.603034,7666.890086,7020.291713,6433.173562,5899.616475,50,,,,,,,
아주캐피탈,"11,950",13,12.7,"13,891","1,705",0.97,4.1,'033660,7.008797654,0.860269239,14.56135033,46531.72422,3.893868135,50.12547295,17939.99402,16387.75104,14981.96985,13707.70377,12551.64455,11501.93058,10547.97892,72,,,,,,,
조선선재,"82,900",12,12.9,"97,229","10,815",1.64,1.8,'120030,7.665279704,0.852626274,14.25720306,314333.318,3.791716743,46.18709455,121189.1014,110703.3157,101206.9158,92598.9329,84789.46664,77698.38882,71254.2092,10,,,,,,,
노루페인트,"7,920",4,8.9,"15,897","1,375",0.25,3.2,'090350,5.76,0.498207209,14.13127397,29701.05199,3.750132827,44.58385459,11451.04128,10460.24951,9562.943839,8749.583843,8011.67491,7341.645807,6732.741491,63,,,,,,,
에스에이티,"2,195",9,11,"3,149",334,0.41,2.3,'060540,6.571856287,0.697046681,14.04243949,8167.695007,3.721045561,43.46241458,3149,2876.535409,2629.779197,2406.10778,2203.185166,2018.92929,1851.482536,318,,,,,,,
DSR,"4,705",6,6.4,"9,583",602,0.32,1.1,'155660,7.815614618,0.490973599,14.02988932,17488.26218,3.716952643,43.30461485,6742.482129,6159.094502,5630.752378,5151.838268,4717.350463,4322.830949,3964.30229,104,,,,,,,
고려신용정보,"4,820",26,31.2,"1,423",429,0.61,4.5,'049720,11.23543124,3.387210119,13.83000496,17604.13077,3.652309288,40.81233369,6787.154484,6199.901619,5668.058961,5185.971803,4748.605297,4351.471891,3990.567798,703,,,,,,,
범양건영,"3,145",12,21.8,"2,377",478,0.28,0,'002410,6.579497908,1.32309634,13.67248765,11328.54915,3.602082402,38.87586979,4367.646105,3989.739179,3647.489637,3337.258582,3055.806005,2800.244093,2567.996344,421,,,,,,,
나이스디앤비,"8,190",22,25.2,"3,515",814,1.6,1.9,'130580,10.06142506,2.330014225,13.57496549,29248.93362,3.571298366,37.68901197,11276.73008,10301.02044,9417.373825,8616.39504,7889.718779,7229.889062,6630.25367,284,,,,,,,
삼익악기,"1,860",7,10.8,"2,737",266,0.63,2.7,'002450,6.992481203,0.679576178,13.18895883,6420.274473,3.451760469,33.08030856,2475.293739,2261.121019,2067.156552,1891.338051,1731.829294,1586.993659,1455.370953,365,,,,,,,
KSS해운,"7,630",9,7,"12,172",794,0.78,3,'044450,9.609571788,0.626848505,13.16379311,26278.43507,3.444093718,32.78472211,10131.4743,9254.856957,8460.952791,7741.320778,7088.445183,6495.627249,5956.890354,82,,,,,,,
현대백화점,"88,900",6,4.3,"184,736","7,577",0.98,1.1,'069960,11.73287581,0.481227265,13.12907979,305242.0109,3.43354343,32.37796285,117684.009,107501.4985,98279.75821,89920.73978,82337.14286,75451.15677,69193.35896,5,,,,,,,
지에스이,"1,765",9,6.5,"2,809",145,0.42,3.2,'053050,12.17241379,0.628337487,12.87505678,5925.49352,3.357220125,29.43536902,2284.534263,2086.866847,1907.850327,1745.581348,1598.365195,1464.691374,1343.212223,356,,,,,,,
KC그린홀딩스,"4,950",8,6.7,"8,158",533,0.18,1.6,'009440,9.287054409,0.606766364,12.8495675,16580.75067,3.3496466,29.14337685,6392.597154,5839.483032,5338.557958,4884.49595,4472.55485,4098.507981,3758.58431,123,,,,,,,
CNH,"1,910",1,16,"2,812",432,0.51,1.1,'023460,4.421296296,0.679231863,12.77892045,6357.885439,3.328735832,28.33717622,2451.240066,2239.148569,2047.068953,1872.958969,1715.000239,1571.572044,1441.228382,356,,,,,,,
이스타코,710,-11,26.9,"1,094",258,2.33,0,'015020,2.751937984,0.648994516,12.71936772,2350.952144,3.311200203,27.66110181,906.3938229,827.9688554,756.9436709,692.5631086,634.1547873,581.1194148,532.9223035,914,,,,,,,
한농화성,"4,150",5,7.4,"7,521",540,0.32,3,'011500,7.685185185,0.551788326,12.70605949,13725.26556,3.307292907,27.51045863,5291.684033,4833.825498,4419.168176,4043.30331,3702.30542,3392.675735,3111.292656,133,,,,,,,
삼양사,"49,400",4,4.3,"105,320","4,501",0.25,3,'145990,10.97533881,0.469046715,12.34083937,158162.5263,3.201670573,23.43826044,60978.50066,55702.38689,50924.1005,46592.83736,42663.36237,39095.35758,35852.85139,9,,,,,,,
유아이엘,"5,060",6,7.7,"8,226",601,0.25,8,'049520,8.419301165,0.615122781,12.17041983,15956.36529,3.153431876,21.57844985,6151.869563,5619.584194,5137.522578,4700.559294,4304.13076,3944.169466,3617.046383,122,,,,,,,
유화증권,"12,150",1,1.8,"33,294",543,7.89,6.1,'003460,22.37569061,0.364930618,12.15455711,38260.04929,3.14897525,21.40662762,14750.90526,13474.59552,12318.7119,11270.96472,10320.41145,9457.29904,8672.925841,30,,,,,,,
케이씨텍,"22,500",24,11.3,"13,823","1,513",1.83,1.2,'281820,14.87111699,1.627721913,12.05568905,70229.83097,3.121325821,20.34062243,27076.64005,24733.85641,22612.12598,20688.88989,18944.06215,17359.74013,15919.95115,72,,,,,,,
KCI,"10,550",17,20.3,"5,937","1,065",1.71,1.7,'036670,9.906103286,1.776991747,12.02093712,32828.00376,3.111659124,19.96792942,12656.61655,11561.51339,10569.73862,9670.747399,8855.150792,8114.580461,7441.570186,168,,,,,,,
삼성증권,"37,800",7,8.5,"54,544","4,515",0.48,3.7,'016360,8.372093023,0.69301848,11.77451581,115058.782,3.043883121,17.35487111,44360.14128,40521.91716,37045.84843,33894.97652,31036.39417,28440.77121,26081.93931,18,,,,,,,
클래시스,"13,000",35,48.9,"1,190",495,10.29,0.1,'214150,26.26262626,10.92436975,11.7624099,39527.64405,3.040588004,17.22783007,15239.61791,13921.02272,12726.84349,11644.38337,10662.33729,9770.629078,8960.268788,840,,,,,,,
미래에셋대우,"7,420",6,8,"11,269",857,0.35,3,'006800,8.658109685,0.658443518,11.56601607,22167.82865,2.987577985,15.18406436,8546.657575,7807.165177,7137.447537,6530.384022,5979.634548,5479.548209,5025.083278,89,,,,,,,
티씨케이,"61,100",28,24.2,"17,934","4,083",4.14,1.4,'064760,14.9644869,3.406936545,11.55233931,182317.3632,2.983917565,15.04293933,70291.23593,64209.34553,58701.31152,53708.57086,49178.98009,45066.06384,41328.35686,56,,,,,,,
DB하이텍,"28,000",17,20.6,"14,757","2,760",1.57,0.9,'000990,10.14492754,1.897404622,11.4295676,82634.70551,2.951239483,13.7830578,31859.25618,29102.66069,26606.16359,24343.2214,22290.20026,20426.0354,18731.93282,68,,,,,,,
코프라,"3,800",5,10.5,"5,163",524,0.44,1.8,'126600,7.251908397,0.736006198,11.10385593,10891.17944,2.866099852,10.50055649,4199.021147,3835.704354,3506.668294,3208.41456,2937.828232,2692.132989,2468.851801,194,,,,,,,
우리이앤엘,"1,085",4,13.4,"1,298",159,0.4,0,'153490,6.823899371,0.835901387,10.66595586,2989.304345,2.755119212,6.221772362,1152.50623,1052.786593,962.475995,880.6142289,806.3463417,738.9103159,677.6262806,770,,,,,,,
삼성화재,"237,000",9,6,"315,693","15,906",0.52,4.9,'000810,14.90003772,0.750729348,10.62674262,650653.237,2.745372308,5.845987027,250854.9893,229149.9711,209492.9286,191674.8623,175509.6828,160831.5292,147492.4203,3,,,,,,,
제일연마,"7,620",7,8.8,"9,726",695,0.95,2.7,'001560,10.96402878,0.783466996,10.56543377,20804.08943,2.730195464,5.260853984,8020.877074,7326.877393,6698.360009,6128.64234,5611.774337,5142.452733,4715.945959,103,,,,,,,
신성델타테크,"3,665",3,9.1,"5,540",493,0.18,1.4,'065350,7.434077079,0.661552347,10.52340379,9968.194268,2.719834725,4.861402664,3843.170408,3510.643302,3209.491771,2936.513883,2688.858696,2463.985171,2259.626196,181,,,,,,,
백금T&A,"2,945",13,9.1,"2,753",244,0.31,1.7,'046310,12.06967213,1.0697421,10.30384568,7852.208813,2.666284826,2.796822245,3027.366415,2765.426068,2528.201086,2313.169223,2118.084718,1940.945928,1779.966989,363,,,,,,,
계양전기,"3,030",5,2.5,"5,576",137,0.28,2,'012200,22.11678832,0.543400287,10.27475944,8057.565024,2.659262384,2.526076706,3106.540124,2837.749338,2594.32029,2373.66477,2173.478285,1991.706843,1826.517875,179,,,,,,,
에스텍파마,"11,250",8,18.3,"8,695","1,467",3.21,0.5,'041910,7.668711656,1.293847039,10.27225727,29909.91434,2.658659052,2.502815656,11531.56676,10533.80759,9630.191926,8811.112258,8068.014237,7393.273386,6780.087161,115,,,,,,,
사람인에이치알,"29,600",20,26.8,"9,584","2,243",3.81,1.3,'143240,13.19661168,3.088480801,10.24037175,78469.05131,2.650981463,2.206811351,30253.21616,27635.58194,25264.93442,23116.0682,21166.54083,19396.34939,17787.64731,104,,,,,,,
화신정공,"1,285",1,6.8,"2,302",148,0.21,1.6,'126640,8.682432432,0.558210252,10.13764011,3374.899113,2.626380633,1.258342846,1301.169706,1188.587085,1086.627191,994.2059548,910.3581435,834.2234455,765.0342922,434,,,,,,,
정산애강,"2,310",11,17.7,"1,580",263,1.62,0,'022220,8.783269962,1.462025316,10.08817688,6039.747412,2.614609269,0.804505822,2328.584084,2127.105294,1944.637022,1779.239213,1629.184475,1492.933189,1369.111707,633,,,,,,,
세코닉스,"7,290",-2,11,"12,068","1,245",0.17,0,'053450,5.855421687,0.604076898,9.902372494,18741.23498,2.570814126,-0.883986519,7225.557383,6600.372074,6034.176085,5520.949455,5055.332119,4632.546661,4248.330679,83,,,,,,,
YW,"3,670",3,3,"6,997",185,2.17,2.7,'051390,19.83783784,0.524510505,9.865618679,9403.382906,2.562229675,-1.214954293,3625.411177,3311.725508,3027.637629,2770.127037,2536.504328,2324.37244,2131.592722,143,,,,,,,
한국컴퓨터,"3,040",-7,12.2,"6,017",685,0.43,3.3,'054040,4.437956204,0.505235167,9.849479531,7777.743548,2.558468272,-1.359972638,2998.656832,2739.200557,2504.225264,2291.232624,2097.998174,1922.539253,1763.086934,166,,,,,,,
에스폴리텍,"5,290",3,25.2,"3,507",784,0.62,0.5,'050760,6.74744898,1.508411748,9.504925436,13115.72222,2.479342574,-4.410610822,5056.678687,4619.153793,4222.911533,3863.738943,3537.884876,3242.005942,2973.119174,285,,,,,,,
티에스이,"15,150",9,9.9,"15,219","1,378",0.99,1.3,'131290,10.99419448,0.995466194,9.499746644,37544.27965,2.478170274,-4.455808082,14474.94508,13222.51256,12088.25323,11060.10732,10127.33702,9280.371732,8510.6726,66,,,,,,,
피제이전자,"5,110",7,4.9,"7,069",345,0.81,3.7,'006140,14.8115942,0.722874523,9.444683381,12599.91433,2.465736659,-4.93517777,4857.812416,4437.49426,4056.835196,3711.787948,3398.74889,3114.50612,2856.193983,141,,,,,,,
슈프리마,"33,600",11,21.8,"18,126","3,644",3.62,0,'236200,9.220636663,1.853690831,9.433238118,82762.15277,2.463159309,-5.034545778,31908.39262,29147.54564,26647.19819,24380.76587,22324.57837,20457.53841,18760.82302,55,,,,,,,
한국큐빅,"2,720",2,10.7,"3,611",373,0.29,0.6,'021650,7.292225201,0.753253946,9.406557398,6683.476584,2.457160509,-5.265825477,2576.769547,2353.816717,2151.900587,1968.874327,1802.826435,1652.053195,1515.034556,277,,,,,,,
한솔로지스틱스,"1,525",3,12.6,"1,748",240,0.09,2,'009180,6.354166667,0.872425629,9.281316763,3704.495204,2.429177183,-6.34470384,1428.243266,1304.665712,1192.748311,1091.301123,999.2646485,915.6945582,839.7483217,572,,,,,,,
비츠로테크,"6,370",5,12.2,"6,771",789,0.48,0.8,'042370,8.073510773,0.940776842,9.265023478,15450.80339,2.425557833,-6.484245448,5956.953565,5441.53314,4974.745177,4551.626649,4167.758568,3819.202296,3502.44379,148,,,,,,,
한전KPS,"38,100",17,13.7,"21,879","2,989",1.48,4.7,'051600,12.74673804,1.741395859,9.125902414,91243.81953,2.394850906,-7.66813039,35178.44232,32134.65702,29378.06789,26879.36607,24612.45547,22554.07672,20683.4778,46,,,,,,,
서원인텍,"7,080",3,10.3,"8,652",869,0.43,4.3,'093920,8.147295742,0.818307906,8.810093902,16471.19499,2.326439971,-10.30566809,6350.358699,5800.899224,5303.283963,4852.222125,4443.002885,4071.427494,3733.749834,116,,,,,,,
원풍,"3,905",3,4.1,"6,336",250,0.64,3.9,'008370,15.62,0.616319444,8.684976615,8980.824319,2.29982697,-11.33171448,3462.49655,3162.906932,2891.585073,2645.646201,2422.521764,2219.92242,2035.805618,158,,,,,,,
미래나노텍,"3,755",4,-1.4,"7,490",-84,0.31,0,'095500,-44.70238095,0.501335113,8.541703424,8522.681746,2.26968888,-12.49366831,3285.862755,3001.556228,2744.075426,2510.682737,2298.940641,2106.676583,1931.952209,134,,,,,,,
극동유화,"5,790",11,9.6,"4,893",447,0.26,3.4,'014530,12.95302013,1.183323115,8.458895549,13041.58392,2.252432455,-13.1589782,5028.095162,4593.043434,4199.040983,3841.898663,3517.886527,3223.680087,2956.313237,204,,,,,,,
원림,"19,000",-1,1.6,"41,081",625,0.55,0,'005820,30.4,0.462500913,8.340210133,42330.20161,2.227905348,-14.10460437,16320.12517,14908.03999,13629.19202,12469.98417,11418.30984,10463.37844,9595.562635,24,,,,,,,
LS산전,"53,900",11,9.1,"46,052","4,032",0.74,2.3,'010120,13.36805556,1.170416051,8.331815139,119991.0807,2.226179605,-14.17113922,46261.75596,42258.99622,38633.91662,35347.97426,32366.85122,29659.96002,27200.01056,22,,,,,,,
JTC,"8,490",6,12.5,"7,769",902,0.43,0,'950170,9.412416851,1.092804737,8.284722713,18818.26491,2.216521191,-14.54351291,7255.255754,6627.500818,6058.977659,5543.641574,5076.110465,4651.587281,4265.7921,129,,,,,,,
한국선재,"3,005",8,4,"3,717",143,0.4,0,'025550,21.01398601,0.808447673,8.278111797,6656.580888,2.215168349,-14.59567082,2566.400092,2344.34447,2143.240893,1960.951168,1795.571487,1645.404991,1508.937742,269,,,,,,,
린드먼아시아,"4,365",13,9.6,"3,293",305,7,1.7,'277070,14.31147541,1.325539022,8.207138544,9606.017513,2.200691297,-15.15382382,3703.53559,3383.090271,3092.880549,2829.820831,2591.163758,2374.460616,2177.526665,304,,,,,,,
어보브반도체,"7,120",11,12.2,"5,155",571,1.08,1.3,'102120,12.46935201,1.381183317,8.053555573,15447.94148,2.169654703,-16.35041891,5955.850174,5440.525219,4973.823718,4550.783563,4166.986585,3818.494875,3501.795041,194,,,,,,,
이씨에스,"4,715",4,4.6,"6,671",262,0.67,2.5,'067010,17.99618321,0.706790586,7.982961174,10163.28314,2.155521345,-16.89532101,3918.385614,3579.350576,3272.305168,2993.984793,2741.482712,2512.208157,2303.849646,150,,,,,,,
포메탈,"2,895",5,5.4,"3,750",198,0.67,2.1,'119500,14.62121212,0.772,7.957796024,6225.706832,2.150503223,-17.08879134,2400.279491,2192.597315,2004.510979,1834.020691,1679.345878,1538.899514,1411.265659,267,,,,,,,
가비아,"8,050",13,12.5,"5,200",609,0.8,0.4,'079940,13.2183908,1.548076923,7.928787193,17265.0901,2.14473169,-17.31130895,6656.43963,6080.496758,5558.89694,5086.094373,4657.151176,4267.666223,3913.712838,192,,,,,,,
제이씨케미칼,"6,350",6,18.7,"4,226",694,0.65,0.9,'137950,9.149855908,1.502602934,7.867013215,13541.2969,2.1324877,-17.78336773,5220.756149,4769.03459,4359.93519,3989.108285,3652.681011,3347.201494,3069.589976,237,,,,,,,
NHN,"66,500",6,3.5,"87,923","2,938",0.9,0,'181710,22.6344452,0.756343619,7.716471068,139843.6705,2.102912339,-18.92362596,53915.78874,49250.77021,45025.91922,41196.3159,37721.96442,34567.2166,31700.26715,11,,,,,,,
대창,"1,590",6,3.1,"2,136",63,0.17,1.9,'012800,25.23809524,0.744382022,7.682331347,3333.048398,2.096256854,-19.18022371,1285.034443,1173.847913,1073.15238,981.8772217,899.0691721,823.8785887,755.5474212,468,,,,,,,
SKC 솔믹스,"3,535",29,3.8,"1,599",60,1.6,0,'057500,58.91666667,2.210756723,7.522383957,7300.931385,2.065327124,-20.37269867,2814.825102,2571.274714,2350.704508,2150.769316,1969.381045,1804.678579,1655.001435,625,,,,,,,
한국전자금융,"7,600",15,5.6,"5,752",261,0.95,1.5,'063570,29.11877395,1.321279555,7.269446806,15331.12419,2.017253183,-22.22615721,5910.812052,5399.383983,4936.211677,4516.370551,4135.475844,3789.619428,3475.314477,174,,,,,,,
유라테크,"6,160",4,0.9,"9,461",80,0.36,1.1,'048430,77,0.651093965,6.941826121,12051.93192,1.956482455,-24.56913185,4646.541478,4244.503363,3880.399529,3550.358717,3250.934029,2979.053251,2731.975357,106,,,,,,,
삼영엠텍,"3,735",2,2.4,"5,878",141,0.74,1.6,'054540,26.4893617,0.635420211,6.94113605,7306.99045,1.956356211,-24.57399909,2817.161134,2573.408623,2352.655365,2152.554246,1971.01544,1806.176287,1656.374926,170,,,,,,,
와이엔텍,"10,200",8,13.7,"7,100",926,1.97,0,'067900,11.01511879,1.436619718,6.90586089,19889.10879,1.949912626,-24.8224272,7668.112426,7004.635412,6403.760729,5859.099703,5364.963972,4916.283511,4508.534849,141,,,,,,,
동국제약,"88,200",16,16,"38,798","5,855",1.69,0.6,'086450,15.06404782,2.273313057,6.854315003,171154.8582,1.940531272,-25.18411902,65987.60703,60278.08452,55107.28365,50420.22695,46167.96346,42306.86332,38798,26,,,,,,,
한국쉘석유,"320,500",25,22.8,"72,332","17,006",1.96,5.9,'002960,18.84628954,4.430957253,6.763192131,616656.8177,1.924046233,-25.81968863,237747.8979,217176.9599,198546.9915,181659.9133,166339.3592,152428.1343,139785.9895,14,,,,,,,
아이씨디,"17,100",23,5.3,"8,655",416,2.81,0.9,'040910,41.10576923,1.975736568,6.635795227,32510.69326,1.901210132,-26.70011918,12534.27962,11449.76156,10467.57313,9577.271423,8769.558249,8036.146158,7369.641098,116,,,,,,,
GH신소재,"3,165",1,7.7,"3,864",289,0.51,0,'130500,10.95155709,0.819099379,6.453217847,5915.094015,1.868908062,-27.94550382,2280.524804,2083.204303,1904.501965,1742.517775,1595.559993,1462.120776,1340.854826,259,,,,,,,
SBS,"21,350",1,2.6,"32,119",815,0.51,0,'034120,26.19631902,0.664715589,6.043533764,38391.91677,1.798216242,-30.67097949,14801.74588,13521.0372,12361.1697,11309.81134,10355.98188,9489.894664,8702.818036,31,,,,,,,
리노공업,"63,100",20,19.1,"18,974","3,439",6.05,1.8,'058470,18.34835708,3.325603457,6.013832306,113150.0371,1.793186008,-30.86491678,43624.23751,39849.68685,36431.28367,33332.68253,30521.52206,27968.95867,25649.25814,53,,,,,,,
에이치시티,"11,450",8,14,"7,147",959,1.76,0.9,'072990,11.93952033,1.602070799,5.889965871,20293.34179,1.772344261,-31.66845636,7823.961746,7147,6533.912937,5978.182035,5474.003322,5016.203726,4600.167842,140,,,,,,,
해성디에스,"17,800",11,8.6,"11,999","1,009",0.83,1.7,'195870,17.64122894,1.483456955,5.554036346,30561.06288,1.716913645,-33.80554656,11782.61271,10763.132,9839.84433,9002.933031,8243.657525,7554.227347,6927.691859,83,,,,,,,
에이텍티앤,"9,070",7,3.9,"9,065",343,0.42,1.1,'224110,26.44314869,1.000551572,5.444185437,15411.10038,1.699129038,-34.49122014,5941.646334,5427.550354,4961.961868,4539.930603,4157.048925,3809.388318,3493.443767,110,,,,,,,
스페코,"3,870",-17,36.5,"2,583",813,0.83,0,'013810,4.760147601,1.49825784,5.401277093,6548.920152,1.692227429,-34.75730704,2524.892218,2306.42803,2108.577018,1929.23557,1766.53067,1618.792903,1484.532819,387,,,,,,,
일진홀딩스,"4,915",-1,6.9,"6,193",391,0.3,1.4,'015860,12.57033248,0.793637978,5.357172478,8282.559979,1.685159711,-35.02979819,3193.285419,2916.989069,2666.762644,2439.945662,2234.169281,2047.322154,1877.520542,161,,,,,,,
골프존,"65,100",11,14.5,"32,864","4,621",1.64,2.9,'215000,14.08785977,1.980890944,5.300514676,109115.3694,1.676119346,-35.37834338,42068.69846,38428.73951,35132.22866,32144.11644,29433.19543,26971.65053,24734.66514,30,,,,,,,
테스나,"54,500",22,18.8,"14,257","2,448",3.97,0.3,'131970,22.2630719,3.822683594,5.290612395,91262.63814,1.674543819,-35.43908677,35185.69771,32141.28464,29384.12698,26884.90982,24617.53168,22558.72839,20687.74367,70,,,,,,,
코맥스,"4,490",5,4.2,"4,723",192,0.51,1.2,'036690,23.38541667,0.950666949,5.130527855,7405.165871,1.649257432,-36.41398644,2855.012009,2607.984483,2384.265223,2181.475582,1997.497652,1830.44375,1678.629684,212,,,,,,,
옵트론텍,"7,490",4,14.3,"5,065",652,0.65,0.4,'082210,11.48773006,1.478775913,4.962339775,12156.73221,1.62306171,-37.42394492,4686.946525,4281.412397,3914.142416,3581.231661,3279.203258,3004.958279,2755.731864,197,,,,,,,
해성산업,"10,150",1,1.1,"14,563",156,4.99,1.2,'034810,65.06410256,0.696971778,4.764657755,16166.42635,1.592751364,-38.59253997,6232.857193,5693.564437,5205.156615,4762.440833,4360.79343,3996.093346,3664.66378,69,,,,,,,
대동금속,"10,650",3,1.3,"13,672",175,0.35,0.6,'020400,60.85714286,0.778964307,4.733740692,16912.80959,1.588057238,-38.77351886,6520.620242,5956.429029,5445.472043,4982.316639,4562.125688,4180.587868,3833.856622,73,,,,,,,
코렌,"1,820",22,-6.8,"1,326",-72,0.96,0,'078650,-25.27777778,1.37254902,4.246020449,2758.457121,1.515635781,-41.56567956,1063.504632,971.4857833,888.1493671,812.6093265,744.0767321,681.8484127,625.2970001,754,,,,,,,
DB,851,-3,8.3,980,63,0.75,0,'012030,13.50793651,0.868367347,4.109079181,1272.962508,1.495843135,-42.32877172,490.7821527,448.3176374,409.8598588,374.9999225,343.3737563,314.6568634,288.5597284,1020,,,,,,,
풀무원,"11,850",8,4.5,"9,599",386,0.21,0.9,'017810,30.69948187,1.234503594,4.035055419,17600.10987,1.485241339,-42.73751685,6785.604253,6198.48552,5666.764339,5184.787293,4747.520684,4350.477986,3989.656326,104,,,,,,,
서원,"2,980",8,5.8,"2,257",124,0.56,0.5,'021050,24.03225806,1.32033673,3.970285063,4398.540662,1.476020356,-43.09302565,1695.827836,1549.097751,1416.212373,1295.758828,1186.479115,1087.251981,997.0770473,443,,,,,,,
세진티에스,"2,785",-6,2.4,"4,873",113,1.07,0,'067770,24.6460177,0.57151652,3.850504098,4063.603159,1.459103468,-43.74524493,1566.694929,1431.13796,1308.371461,1197.090142,1096.131796,1004.460553,921.152207,205,,,,,,,
광진윈텍,"3,165",-7,9.5,"4,027",355,0.33,1.6,'090150,8.915492958,0.785944872,3.718403548,4559.654631,1.440649173,-44.45673791,1757.944245,1605.83959,1468.086759,1343.221126,1229.93861,1127.07689,1033.598942,248,,,,,,,
켐트로닉스,"16,200",1,23.5,"7,288","1,463",0.56,0,'089010,11.07313739,2.222832053,3.632430691,23145.78212,1.428751983,-44.91542607,8923.700977,8151.585213,7452.322384,6818.477722,6243.431445,5721.283352,5246.769297,137,,,,,,,
대한뉴팜,"13,300",5,24.5,"4,634",907,1.45,0,'054670,14.66372657,2.870090634,3.267373912,18343.53242,1.379212964,-46.82536972,7072.225828,6460.307403,5906.126503,5403.790914,4948.054314,4534.24067,4158.178028,216,,,,,,,
수산중공업,"2,360",7,3.8,"1,909",71,0.81,0,'017550,33.23943662,1.236249345,3.188192081,3230.070766,1.368674053,-47.23169033,1245.332108,1137.580789,1039.996339,951.5412113,871.2915934,798.424093,732.2040806,524,,,,,,,
정원엔시스,"1,885",12,3.4,"1,225",40,0.44,0,'045510,47.125,1.53877551,3.156874862,2572.131225,1.364525849,-47.39162157,991.6679334,905.8646949,828.1574155,757.7198888,693.8164753,635.791501,583.0599747,816,,,,,,,
지니언스,"5,280",8,2.6,"3,802",88,2.55,0,'263860,60,1.388742767,1.8981244,6372.294288,1.206873918,-53.46978596,2456.795301,2244.223143,2051.708217,1877.203648,1718.886937,1575.133691,1444.494631,263,,,,,,,
한스바이오메드,"23,700",14,14.2,"7,575","1,008",3.49,0.4,'042520,23.51190476,3.128712871,1.800303678,28329.51121,1.195338026,-53.91454456,10922.25294,9977.214139,9121.344415,8345.54391,7641.710275,7002.621903,6421.835685,132,,,,,,,
이지웰페어,"11,850",7,19,"4,079",574,1.65,0.5,'090850,20.6445993,2.905123805,1.56918765,13846.44038,1.168475982,-54.95019264,5338.402172,4876.501389,4458.183226,4079,3734.991577,3422.628297,3138.761001,245,,,,,,,
진양제약,"4,790",2,5.5,"3,810",192,1.26,1.9,'007370,24.94791667,1.257217848,1.402123919,5505.617421,1.149398209,-55.68572336,2122.653851,1938.993002,1772.661461,1621.890742,1485.106217,1360.904424,1248.033196,262,,,,,,,
흥구석유,"10,000",3,13.6,"5,124",665,1.02,1.3,'024060,15.03759398,1.951600312,1.295317197,11373.48836,1.137348836,-56.15027887,4384.972113,4005.566068,3661.958857,3350.497147,3067.928077,2811.352377,2578.183324,195,,,,,,,
파버나인,"5,110",9,-7.4,"5,248",-383,0.51,0,'177830,-13.34203655,0.973704268,1.068966493,5683.281235,1.112188109,-57.12033382,2191.150942,2001.563439,1829.864454,1674.228431,1533.029931,1404.820202,1288.30667,191,,,,,,,
엘앤씨바이오,"26,000",15,12.7,"7,882",964,6.8,0,'290650,26.97095436,3.298655164,1.041397246,28838.10907,1.109158041,-57.23715603,11118.33943,10156.33441,9285.099314,8495.370914,7778.901399,7128.339515,6537.12648,127,,,,,,,
SK바이오랜드,"21,650",11,6.7,"10,187",674,3.04,1.4,'052260,32.12166172,2.125257681,0.945572151,23786.50527,1.098683846,-57.64098158,9170.727487,8377.237961,7658.61809,7007.227296,6416.262547,5879.660316,5392.010729,98,,,,,,,
아모텍,"29,200",4,3.9,"21,171",799,1.08,0,'052710,36.5456821,1.379245194,0.66079261,31187.91262,1.068079199,-58.82092321,12024.29042,10983.89875,10041.67317,9187.595661,8412.746362,7709.175016,7069.788418,47,,,,,,,
와이아이케이,"3,945",31,-11.9,"1,660",-203,6.16,0,'232140,-19.43349754,2.376506024,0.465856238,4132.681223,1.047574455,-59.61146989,1593.327513,1455.466183,1330.612749,1217.439735,1114.765177,1021.535594,936.8110716,602,,,,,,,
서부T&D,"8,580",-2,-3.2,"11,578",-368,3.91,0,'006730,-23.31521739,0.741060632,0.362987999,8896.580525,1.036897497,-60.02311282,3430.01692,3133.237575,2864.460826,2620.828961,2399.797523,2199.098643,2016.708932,86,,,,,,,
한솔테크닉스,"9,530",-10,10.4,"9,638",992,0.24,0,'004710,9.606854839,0.988794356,0.312978028,9832.504125,1.031742301,-60.22186796,3790.855984,3462.85534,3165.803177,2896.541148,2652.25712,2430.444643,2228.867466,104,,,,,,,
HRS,"2,635",-10,0.1,"4,431",5,0.66,1.1,'036640,527,0.594673889,0.12078228,2666.999671,1.012144088,-60.97746391,1028.243826,939.2758889,858.7025159,785.6670274,719.4066511,659.2415298,604.5650957,226,,,,,,,
SFA반도체,"4,285",5,9.7,"2,124",193,1.07,0,'036540,22.20207254,2.017419962,0.074266911,4316.929936,1.00745156,-61.15838115,1664.363368,1520.35572,1389.935904,1271.717259,1164.465126,1067.079058,978.5772338,471,,,,,,,
피씨디렉트,"10,150",10,7.1,"4,448",305,0.31,1,'051380,33.27868852,2.28192446,-0.046109818,10103.29553,0.995398574,-61.62307595,3895.257791,3558.223869,3252.990761,2976.31314,2725.301424,2497.380135,2290.251436,225,,,,,,,
SK케미칼,"65,800",1,1.7,"54,515",911,0.6,0.6,'285130,72.22832053,1.207007246,-0.539012845,62338.09791,0.947387506,-63.47411045,24034.03532,21954.51052,20071.19915,18364.07729,16815.31601,15409.02441,14131.02467,18,,,,,,,
동양물산,"1,265",-12,13.7,"1,030",134,0.15,0.8,'002900,9.440298507,1.22815534,-1.201449617,1120.975834,0.886146904,-65.83520076,432.1847104,394.7902898,360.9242174,330.2264192,302.3762919,277.0880821,254.1068414,971,,,,,,,
KT서브마린,"4,720",-4,0.6,"4,786",27,2.12,0.6,'060370,174.8148148,0.986209779,-1.563403935,4031.882551,0.854212405,-67.06641396,1554.465261,1419.966455,1298.158275,1187.745621,1087.575359,996.6197035,913.9616653,209,,,,,,,
유한양행,"230,500",4,2.9,"139,077","3,623",2.07,0.9,'000100,63.62130831,1.657355278,-1.64670062,195236.1631,0.847011554,-67.34403794,75271.99254,68759.14634,62860.81933,57514.29878,52663.74639,48259.3936,44256.83698,7,,,,,,,
안랩,"73,500",12,9.4,"22,140","1,857",4.45,1.2,'053800,39.57996769,3.319783198,-1.816920714,61186.24838,0.832465964,-67.90483338,23589.94747,21548.84699,19700.33442,18024.75584,16504.61173,15124.30482,13869.91926,45,,,,,,,
나노엔텍,"5,630",11,13.4,"1,469",188,5.96,0,'039860,29.94680851,3.832539142,-1.905604095,4644.621893,0.824977246,-68.1935559,1790.702803,1635.763741,1495.443944,1368.251491,1252.858003,1148.079498,1052.859627,681,,,,,,,
다원시스,"15,700",4,5.4,"8,138",415,2.83,0.3,'068240,37.8313253,1.929220939,-1.958830088,12882.03582,0.820511835,-68.36571679,4966.582463,4536.85307,4147.670766,3794.897652,3474.849415,3184.242238,2920.146299,123,,,,,,,
덕산네오룩스,"26,050",14,11.5,"6,404",704,6.69,0,'213420,37.00284091,4.067770144,-2.010191234,21262.6225,0.816223513,-68.53105021,8197.661421,7488.365623,6845.995385,6263.720839,5735.460794,5255.795094,4819.887887,156,,,,,,,
중앙에너비스,"12,550",2,1.9,"8,431",141,1.19,1.1,'000440,89.0070922,1.488554145,-2.026016459,10227.07381,0.81490628,-68.58183523,3942.979679,3601.81666,3292.844056,3012.776781,2758.689851,2527.976235,2318.309945,119,,,,,,,
맥스로텍,"1,350",6,-9.4,"1,248",-121,0.8,0,'141070,-11.15702479,1.081730769,-2.469242002,1051.355918,0.778782162,-69.97457637,405.343219,370.271236,338.5084677,309.7172032,283.5967505,259.8791036,238.325148,801,,,,,,,
예스24,"7,160",-7,12.8,"4,158",517,0.23,1.7,'053280,13.84912959,1.721981722,-2.54311611,5533.988249,0.772903387,-70.20122859,2133.592033,1948.984767,1781.796108,1630.248457,1492.759072,1367.917259,1254.464398,241,,,,,,,
쇼박스,"4,015",3,3.2,"2,256",72,2.91,1.3,'086980,55.76388889,1.779698582,-2.675087967,3061.439971,0.762500615,-70.60230045,1180.317637,1078.19164,985.701736,901.8645439,825.8044803,756.7411395,693.9782443,443,,,,,,,
에스앤에스텍,"13,850",6,11.9,"4,477",497,3.42,0.4,'101490,27.86720322,3.093589457,-2.684735657,10550.16958,0.761745096,-70.63142901,4067.547082,3715.605973,3396.872245,3107.957028,2845.842932,2607.840566,2391.550456,223,,,,,,,
에스엠코어,"10,150",2,10.7,"4,036",418,1.76,0.5,'007820,24.28229665,2.514866204,-3.019145634,7470.09457,0.735969908,-71.62517406,2880.044833,2630.851363,2405.170526,2200.60282,2015.011767,1846.493131,1693.347955,248,,,,,,,
씨젠,"32,400",9,20.4,"6,020","1,069",7.23,0,'096530,30.30869972,5.382059801,-3.067689231,23726.33567,0.732294311,-71.76688426,9147.529499,8356.04716,7639.245087,6989.502031,6400.032169,5864.787309,5378.371266,166,,,,,,,
제일바이오,"7,210",4,10.7,"2,576",220,4.59,0,'052670,32.77272727,2.798913043,-3.149223244,5235.598642,0.726157925,-72.00346848,2018.549923,1843.896579,1685.72264,1542.346355,1412.270323,1294.159912,1186.824366,388,,,,,,,
인산가,"1,925",-5,10.8,"1,047",105,2.01,1.1,'277410,18.33333333,1.838586437,-3.179578373,1393.479004,0.723885197,-72.09109201,537.2464788,490.7616765,448.6629449,410.5026778,375.8823349,344.446698,315.8788419,955,,,,,,,
유바이오로직스,"7,600",17,12.1,"1,402",141,6.74,0,'206650,53.90070922,5.420827389,-3.263908639,5453.796751,0.717604836,-72.33322711,2102.674739,1920.742566,1755.976592,1606.624976,1471.127912,1348.095147,1236.2863,713,,,,,,,
디앤씨미디어,"18,750",14,14.8,"3,441",476,5.06,0,'263720,39.3907563,5.448997384,-3.440643126,13211.28061,0.704601633,-72.83455688,5093.520584,4652.807976,4253.678778,3891.889332,3563.661161,3265.626515,2994.780695,291,,,,,,,
성안,676,-13,-6.4,"1,314",-83,0.17,0,'011300,-8.144578313,0.514459665,-3.494377324,473.6667159,0.700690408,-72.98535152,182.6190237,166.8180655,152.5080056,139.5366954,127.7686644,117.083168,107.372478,761,,,,,,,
엘컴텍,"2,200",4,6.3,912,57,3.99,1.5,'037950,38.59649123,2.412280702,-3.713257824,1506.911019,0.684959554,-73.59184404,580.9794311,530.7106717,485.185018,443.9184278,406.4799188,372.4853574,341.5920198,1096,,,,,,,
국영지앤엠,"2,340",-1,1.4,"1,522",21,1.22,0,'006050,111.4285714,1.537450723,-4.018484922,1552.715426,0.663553601,-74.4171362,598.639013,546.8422731,499.9328113,457.4118725,418.8353742,383.8075063,351.9751279,657,,,,,,,
디알텍,"1,795",4,4.3,771,32,1.91,0,'214680,56.09375,2.328145266,-4.289790513,1157.836192,0.64503409,-75.1311435,446.3959742,407.7719359,372.7922663,341.0850513,312.3191453,286.1993989,262.4624803,1297,,,,,,,
메이슨캐피탈,308,-9,-3,368,-11,3.42,0,'021880,-28,0.836956522,-4.311980954,198.210362,0.643540136,-75.1887419,76.41867496,69.80661302,63.81843177,58.39046312,53.46601813,48.99457008,44.9310391,2717,,,,,,,
에쎈테크,995,7,2.2,407,9,1.34,0,'043340,110.5555556,2.444717445,-4.344748616,638.1330742,0.641339773,-75.27357542,246.0279245,224.7405641,205.4617713,187.9865682,172.1324464,157.7367364,144.6543047,2457,,,,,,,
한국맥널티,"7,320",2,6.4,"3,008",181,1.73,0,'222980,40.44198895,2.433510638,-4.666751039,4538.946059,0.620074598,-76.09343997,1749.960194,1598.546352,1461.419153,1337.120622,1224.352601,1121.958048,1028.904648,332,,,,,,,
코리아에스이,"1,615",-5,-5.7,"1,714",-91,2.83,0,'101670,-17.74725275,0.942240373,-4.785202656,989.0471608,0.612413103,-76.38882379,381.3204958,348.3270588,318.4467155,291.3617693,266.7893489,244.4773318,224.2007744,583,,,,,,,
아가방컴퍼니,"3,950",-10,-2.2,"4,530",-100,0.99,0,'013990,-39.5,0.87196468,-4.804657025,2414.093711,0.611162965,-76.43702202,930.7376304,850.2063353,777.2735656,711.1638786,651.1868342,596.7270445,547.2354615,221,,,,,,,
명성티엔에스,"16,300",7,2.1,"5,996",124,3.58,0,'257370,131.4516129,2.718478986,-5.399934058,9356.253835,0.574003303,-77.86968785,3607.24088,3295.12738,3012.46333,2756.243362,2523.791552,2312.722855,2120.909334,167,,,,,,,
빅텍,"3,560",2,3.8,"1,527",55,2.01,0.8,'065450,64.72727273,2.331368697,-5.451579362,2032.323246,0.570877316,-77.99020816,783.5485894,715.752703,654.3536933,598.6987479,548.2066145,502.3592243,460.6943567,655,,,,,,,
모헨즈,"5,110",5,1.5,"2,033",30,0.67,0,'006920,170.3333333,2.513526808,-5.84102804,2799.22612,0.547793761,-78.88017914,1079.222846,985.843992,901.2758937,824.6193986,755.0739172,691.9258858,634.5386637,492,,,,,,,
루멘스,"2,920",-16,-1.8,"3,909",-67,0.42,0,'038060,-43.58208955,0.746994116,-6.203494425,1539.038344,0.527067926,-79.6792498,593.3659058,542.0254171,495.5291569,453.3827635,415.146066,380.4267408,348.8747577,256,,,,,,,
삼성출판사,"23,800",0,6.6,"9,018",584,1.22,0.4,'068290,40.75342466,2.639166112,-6.253805122,12477.09398,0.524247646,-79.78798381,4810.459854,4394.238839,4017.290331,3675.606504,3365.618861,3084.146808,2828.352623,111,,,,,,,
이오테크닉스,"104,200",6,5,"31,851","1,543",6.17,0.1,'039030,67.53078419,3.271482842,-6.291713873,54406.10914,0.522131566,-79.86956787,20975.91028,19160.98719,17517.31105,16027.40582,14675.71114,13448.3581,12332.97287,31,,,,,,,
코아시아,"6,740",-18,6.7,"5,678",345,0.32,0,'045970,19.53623188,1.187037689,-7.253943309,3174.054892,0.470928026,-81.84368599,1223.735564,1117.852868,1021.960727,935.0395876,856.1816583,784.5778258,719.5062005,176,,,,,,,
마이크로컨텍솔,"4,525",-13,1.2,"3,874",44,1.14,0,'098120,102.8409091,1.168043366,-7.350362016,2108.899339,0.466055103,-82.03155827,813.0719882,742.7216144,679.0091458,621.2571726,568.8625415,521.2876633,478.0529014,258,,,,,,,
씨아이테크,391,-11,-13.4,652,-71,0.56,0,'004920,-5.507042254,0.599693252,-7.593696055,177.4977102,0.453958338,-82.49794091,68.43305105,62.51193854,57.14951224,52.28875724,47.87890853,43.87471933,40.23582055,1534,,,,,,,
큐로,"1,175",-22,17.6,655,103,1.01,0,'015590,11.40776699,1.79389313,-7.751524416,524.3603539,0.446264131,-82.7945859,202.1636157,184.6715779,168.8300003,154.4704505,141.4429594,129.61386,118.8638945,1527,,,,,,,
스튜디오드래곤,"81,900",9,9,"15,325","1,334",4.64,0,'253450,61.39430285,5.344208809,-7.819691747,36279.84831,0.442977391,-82.92130396,13987.45206,12777.19947,11681.14018,10687.62058,9786.264493,8967.823643,8224.046748,65,,,,,,,
한국화장품제조,"32,050",7,-2.4,"11,132",-265,1.87,0.3,'003350,-120.9433962,2.879087316,-7.965607475,13974.28302,0.436015071,-83.18973153,5387.691044,4921.525582,4499.345133,4116.660952,3769.476338,3454.229042,3167.740831,90,,,,,,,
동방선기,"2,875",-8,-2.7,"2,127",-57,1.74,0,'099410,-50.43859649,1.351669017,-8.15963895,1227.364826,0.426909505,-83.54079053,473.2022722,432.2588414,395.1786254,361.5673765,331.0740637,303.3858137,278.2234814,470,,,,,,,
에이프로젠 KIC,"2,695",-19,6.2,"1,880",104,5.59,0,'007460,25.91346154,1.433510638,-9.710810041,970.3230243,0.360045649,-86.11868161,374.1015306,341.7327085,312.4180447,285.8458569,261.738629,239.8490116,219.9563197,532,,,,,,,
한솔씨앤피,"8,770",-36,18.1,"7,174","1,212",0.7,0,'221610,7.235973597,1.222470031,-10.76070554,2809.059082,0.320303202,-87.65092499,1083.013879,989.3070086,904.4418444,827.5160747,757.7262979,694.3564436,636.767635,139,,,,,,,
에프엔씨엔터,"8,600",-2,-8.7,"4,698",-385,1.59,0,'173940,-22.33766234,1.830566198,-10.90320652,2710.935567,0.315225066,-87.84670912,1045.183016,954.7494296,872.8486986,798.6100305,731.2580871,670.1018114,614.524643,213,,,,,,,
신라섬유,"2,080",1,0.7,589,4,12.07,0,'001000,520,3.531409168,-11.1042295,641.0240449,0.308184637,-88.11814813,247.1425189,225.7587191,206.3925865,188.8382145,172.9122679,158.4513402,145.3096404,1698,,,,,,,
테라젠이텍스,"8,080",-12,6.1,"2,796",162,1.85,0,'066700,49.87654321,2.889842632,-12.72132985,2072.490576,0.256496358,-90.11095503,799.0348338,729.8990131,667.2864984,610.5315752,559.041503,512.2879739,469.7996318,358,,,,,,,
우정바이오,"5,480",-20,7.1,"2,486",156,1.74,0,'215380,35.12820513,2.204344328,-13.55978301,1276.259661,0.232894099,-91.02092431,492.0533479,449.4788435,410.9214538,375.9712254,344.2631429,315.4718693,289.3071389,402,,,,,,,
루트로닉,"7,960",-11,-7.4,"4,691",-351,1.92,0,'085370,-22.67806268,1.69686634,-13.87661619,1786.99739,0.22449716,-91.34466266,688.9648519,629.3527443,575.3653334,526.4286092,482.0314835,441.7184246,405.0830077,213,,,,,,,
아이티센,"7,150",-1,-8.5,"1,789",-161,0.08,0,'124500,-44.40993789,3.996646171,-17.07310316,1099.664447,0.153799223,-94.07037415,423.968248,387.2847499,354.062521,323.9483328,296.627677,271.8202331,249.2758993,559,,,,,,,
세동,810,-20,-15.7,889,-150,0.12,0,'053060,-5.4,0.911136108,-17.0819191,124.4449962,0.153635798,-94.07667492,47.97893318,43.82759611,40.06795819,36.66004585,33.56826734,30.76089981,28.20964016,1125,,,,,,,
영진약품,"6,210",-5,9.3,654,59,5.1,0,'003520,105.2542373,9.495412844,-18.43816543,809.0240982,0.130277633,-94.9772333,311.913812,284.9257303,260.4841074,238.3290727,218.2292422,199.978384,183.3924978,1529,,,,,,,
루미마이크로,"2,270",-20,-6.2,"1,113",-63,0.9,0,'082800,-36.03174603,2.039532794,-19.0779815,273.3335418,0.120411252,-95.35762499,105.3819128,96.26383093,88.00608511,80.52087655,73.73003082,67.56387119,61.96023219,898,,,,,,,
원익,"4,270",-82,35.3,"4,860","1,517",0.84,0,'032940,2.814765985,0.878600823,-22.35151286,340.2184496,0.079676452,-96.92812786,131.1689402,119.8196574,109.5412354,100.2243911,91.77182067,84.09679749,77.12194412,206,,,,,,,
코닉글로리,"1,345",-29,2.5,287,7,6.94,0,'094860,192.1428571,4.68641115,-25.66635235,69.27503141,0.0515056,-98.01423617,26.70852348,24.39759083,22.30470608,20.40761707,18.68651088,17.12372828,15.70351375,3484,,,,,,,
유아이디,"1,580",-23,-34.5,"2,151",-729,0.93,0,'069330,-2.167352538,0.734542073,-26.51762221,72.52522707,0.045902042,-98.23027756,27.96161461,25.54225929,23.35118209,21.36508684,19.56323104,17.92712694,16.44027981,465,,,,,,,
파루,"2,750",-55,10.6,"1,328",131,1.58,0,'043200,20.99236641,2.070783133,-27.66206032,107.8931928,0.039233888,-98.48736377,41.59749645,37.99830786,34.73872048,31.78407743,29.10352084,26.66954715,24.45761773,753,,,,,,,
제이웨이,"1,735",-36,-8.6,705,-56,2.35,0,'058420,-30.98214286,2.460992908,-28.99155821,56.54566358,0.032591161,-98.74346967,21.80080114,19.91450505,18.20619032,16.65769363,15.25284271,13.97722323,12.81797478,1418,,,,,,,
넥스트사이언스,"7,720",-17,-26.7,"2,707",-766,12.08,0,'003580,-10.07832898,2.851865534,-29.62537756,230.0266101,0.029796193,-98.85122777,88.68521592,81.01180179,74.06241216,67.7631591,62.0482541,56.85906002,52.14326087,369,,,,,,,
큐로홀딩스,923,-38,-13,379,-37,2.28,0,'051780,-24.94594595,2.435356201,-31.84463882,19.96190284,0.021627197,-99.16617793,7.696177685,7.030272347,6.427198466,5.880543983,5.384599718,4.934277087,4.525036068,2639,,,,,,,
다믈멀티미디어,"4,590",-58,5.4,"1,910",80,3.32,0,'093640,57.375,2.403141361,-32.48666587,90.3042616,0.019674131,-99.24147708,34.81620207,31.8037593,29.07555539,26.60258325,24.35901554,22.32183237,20.47049543,524,,,,,,,
큐로컴,"1,840",-35,-15.2,547,-86,12.72,0,'040350,-21.39534884,3.363802559,-33.65644062,30.39523485,0.016519149,-99.36311528,11.71867883,10.70472994,9.786452142,8.954082025,8.19892644,7.513237194,6.890101363,1828,,,,,,,
STX중공업,"3,060",-70,-6.6,"5,207",-351,0.37,0,'071970,-8.717948718,0.587670444,-34.93135258,41.6331449,0.013605603,-99.47544511,16.05137963,14.66254744,13.40475841,12.26463938,11.23028311,10.29107669,9.437551308,192,,,,,,,
필옵틱스,"11,200",-34,-21.8,"3,598",-771,1.3,0,'161580,-14.52658885,3.112840467,-35.63947496,136.5883964,0.012195393,-99.52981482,52.66073964,48.10431318,43.97780806,40.23735006,36.84387438,33.76256262,30.96234988,278,,,,,,,
케이엠제약,"2,910",-64,0.2,"1,178",3,3.04,0,'225430,970,2.470288625,-37.78826089,25.27064981,0.008684072,-99.66519143,9.742929455,8.899930633,8.136472911,7.444438985,6.81660135,6.246518148,5.728441961,849,,,,,,,
영우디에스피,"2,470",-84,16.5,717,88,1.14,0,'143540,28.06818182,3.444909344,-41.4579262,11.67825575,0.004728039,-99.81771364,4.502473135,4.112900413,3.7600858,3.440278069,3.150137193,2.886686214,2.647269094,1395,,,,,,,
CJ CGV,"33,500",-67,-10.3,"11,754",-878,0.37,0.6,'079160,-38.15489749,2.850093585,-44.75046146,88.78331506,0.002650248,-99.89782146,34.22981133,31.26810554,28.5858513,26.15453012,23.94874963,21.94587764,20.12572178,85,,,,,,,
두산건설,"1,365",-94,-7.5,"1,678",-138,0.2,0,'011160,-9.891304348,0.813468415,-49.72267473,1.408816096,0.0010321,-99.96020809,0.543159592,0.496163162,0.453601078,0.415020806,0.380019421,0.348237793,0.319355509,596,,,,,,,
아모그린텍,"14,500",-106,11.7,"2,215",145,2.28,0,'125210,100,6.546275395,-56.20287886,3.765508628,0.00025969,-99.98998782,1.451766583,1.326153693,1.212393,1.109274966,1.015722642,0.930776143,0.853579064,451,,,,,,,
피피아이,"11,750",21,23.4,,"-13,333,333,333",,0,'062970,-8.8125E-07,#DIV/0!,-100,0,0,-100,0,0,0,0,0,0,0,#DIV/0!,,,,,,,
,,,,,,,,,,,,,,,,,,,,,,,,,,,,,
,,,,,,,,,,,,,,,,,,,,,,,,,,,,,
,,,,,,,,,,,,,,,,,,,,,,,,,,,,,
,,,,,,,,,,,,,,,,,,,,,,,,,,,,,
,,,,,,,,,,,,,,,,,,,,,,,,,,,,,
,,,,,,,,,,,,,,,,,,,,,,,,,,,,,
,,,,,,,,,,,,,,,,,,,,,,,,,,,,,
,,,,,,,,,,,,,,,,,,,,,,,,,,,,,
,,,,,,,,,,,,,,,,,,,,,,,,,,,,,
,,,,,,,,,,,,,,,,,,,,,,,,,,,,,
,,,,,,,,,,,,,,,,,,,,,,,,,,,,,
,,,,,,,,,,,,,,,,,,,,,,,,,,,,,
,,,,,,,,,,,,,,,,,,,,,,,,,,,,,
,,,,,,,,,,,,,,,,,,,,,,,,,,,,,
,,,,,,,,,,,,,,,,,,,,,,,,,,,,,
,,,,,,,,,,,,,,,,,,,,,,,,,,,,,
,,,,,,,,,,,,,,,,,,,,,,,,,,,,,
,,,,,,,,,,,,,,,,,,,,,,,,,,,,,
,,,,,,,,,,,,,,,,,,,,,,,,,,,,,
,,,,,,,,,,,,,,,,,,,,,,,,,,,,,
,,,,,,,,,,,,,,,,,,,,,,,,,,,,,
,,,,,,,,,,,,,,,,,,,,,,,,,,,,,
,,,,,,,,,,,,,,,,,,,,,,,,,,,,,
,,,,,,,,,,,,,,,,,,,,,,,,,,,,,
,,,,,,,,,,,,,,,,,,,,,,,,,,,,,
,,,,,,,,,,,,,,,,,,,,,,,,,,,,,
,,,,,,,,,,,,,,,,,,,,,,,,,,,,,
,,,,,,,,,,,,,,,,,,,,,,,,,,,,,
,,,,,,,,,,,,,,,,,,,,,,,,,,,,,
,,,,,,,,,,,,,,,,,,,,,,,,,,,,,
,,,,,,,,,,,,,,,,,,,,,,,,,,,,,
,,,,,,,,,,,,,,,,,,,,,,,,,,,,,
,,,,,,,,,,,,,,,,,,,,,,,,,,,,,
,,,,,,,,,,,,,,,,,,,,,,,,,,,,,
,,,,,,,,,,,,,,,,,,,,,,,,,,,,,
,,,,,,,,,,,,,,,,,,,,,,,,,,,,,
,,,,,,,,,,,,,,,,,,,,,,,,,,,,,
,,,,,,,,,,,,,,,,,,,,,,,,,,,,,
,,,,,,,,,,,,,,,,,,,,,,,,,,,,,
,,,,,,,,,,,,,,,,,,,,,,,,,,,,,
,,,,,,,,,,,,,,,,,,,,,,,,,,,,,
,,,,,,,,,,,,,,,,,,,,,,,,,,,,,
,,,,,,,,,,,,,,,,,,,,,,,,,,,,,
,,,,,,,,,,,,,,,,,,,,,,,,,,,,,
,,,,,,,,,,,,,,,,,,,,,,,,,,,,,
,,,,,,,,,,,,,,,,,,,,,,,,,,,,,
,,,,,,,,,,,,,,,,,,,,,,,,,,,,,
,,,,,,,,,,,,,,,,,,,,,,,,,,,,,
,,,,,,,,,,,,,,,,,,,,,,,,,,,,,
,,,,,,,,,,,,,,,,,,,,,,,,,,,,,
,,,,,,,,,,,,,,,,,,,,,,,,,,,,,
,,,,,,,,,,,,,,,,,,,,,,,,,,,,,
,,,,,,,,,,,,,,,,,,,,,,,,,,,,,
,,,,,,,,,,,,,,,,,,,,,,,,,,,,,
,,,,,,,,,,,,,,,,,,,,,,,,,,,,,
,,,,,,,,,,,,,,,,,,,,,,,,,,,,,
,,,,,,,,,,,,,,,,,,,,,,,,,,,,,
,,,,,,,,,,,,,,,,,,,,,,,,,,,,,
,,,,,,,,,,,,,,,,,,,,,,,,,,,,,
,,,,,,,,,,,,,,,,,,,,,,,,,,,,,
,,,,,,,,,,,,,,,,,,,,,,,,,,,,,
,,,,,,,,,,,,,,,,,,,,,,,,,,,,,
,,,,,,,,,,,,,,,,,,,,,,,,,,,,,
,,,,,,,,,,,,,,,,,,,,,,,,,,,,,
,,,,,,,,,,,,,,,,,,,,,,,,,,,,,
,,,,,,,,,,,,,,,,,,,,,,,,,,,,,
,,,,,,,,,,,,,,,,,,,,,,,,,,,,,
,,,,,,,,,,,,,,,,,,,,,,,,,,,,,
,,,,,,,,,,,,,,,,,,,,,,,,,,,,,
,,,,,,,,,,,,,,,,,,,,,,,,,,,,,
,,,,,,,,,,,,,,,,,,,,,,,,,,,,,
,,,,,,,,,,,,,,,,,,,,,,,,,,,,,
,,,,,,,,,,,,,,,,,,,,,,,,,,,,,
,,,,,,,,,,,,,,,,,,,,,,,,,,,,,
,,,,,,,,,,,,,,,,,,,,,,,,,,,,,
,,,,,,,,,,,,,,,,,,,,,,,,,,,,,
,,,,,,,,,,,,,,,,,,,,,,,,,,,,,
,,,,,,,,,,,,,,,,,,,,,,,,,,,,,
,,,,,,,,,,,,,,,,,,,,,,,,,,,,,
,,,,,,,,,,,,,,,,,,,,,,,,,,,,,
,,,,,,,,,,,,,,,,,,,,,,,,,,,,,
,,,,,,,,,,,,,,,,,,,,,,,,,,,,,
,,,,,,,,,,,,,,,,,,,,,,,,,,,,,
,,,,,,,,,,,,,,,,,,,,,,,,,,,,,
,,,,,,,,,,,,,,,,,,,,,,,,,,,,,
,,,,,,,,,,,,,,,,,,,,,,,,,,,,,
,,,,,,,,,,,,,,,,,,,,,,,,,,,,,
,,,,,,,,,,,,,,,,,,,,,,,,,,,,,
,,,,,,,,,,,,,,,,,,,,,,,,,,,,,
,,,,,,,,,,,,,,,,,,,,,,,,,,,,,
,,,,,,,,,,,,,,,,,,,,,,,,,,,,,
,,,,,,,,,,,,,,,,,,,,,,,,,,,,,
,,,,,,,,,,,,,,,,,,,,,,,,,,,,,
,,,,,,,,,,,,,,,,,,,,,,,,,,,,,
,,,,,,,,,,,,,,,,,,,,,,,,,,,,,
,,,,,,,,,,,,,,,,,,,,,,,,,,,,,
,,,,,,,,,,,,,,,,,,,,,,,,,,,,,
,,,,,,,,,,,,,,,,,,,,,,,,,,,,,
,,,,,,,,,,,,,,,,,,,,,,,,,,,,,
,,,,,,,,,,,,,,,,,,,,,,,,,,,,,
,,,,,,,,,,,,,,,,,,,,,,,,,,,,,
,,,,,,,,,,,,,,,,,,,,,,,,,,,,,
,,,,,,,,,,,,,,,,,,,,,,,,,,,,,
,,,,,,,,,,,,,,,,,,,,,,,,,,,,,
,,,,,,,,,,,,,,,,,,,,,,,,,,,,,
,,,,,,,,,,,,,,,,,,,,,,,,,,,,,
,,,,,,,,,,,,,,,,,,,,,,,,,,,,,
,,,,,,,,,,,,,,,,,,,,,,,,,,,,,
,,,,,,,,,,,,,,,,,,,,,,,,,,,,,
,,,,,,,,,,,,,,,,,,,,,,,,,,,,,
